Time,Control,Theta,Phi
0.000000,-5.368088,-3.141590,0.000000
0.005000,-0.500000,-3.141590,0.000000
0.010000,-0.500000,3.132036,-0.025666
0.015000,-0.500000,3.121585,-0.053722
0.020000,-0.500000,3.110245,-0.084168
0.025000,-0.500000,3.098011,-0.117004
0.030000,-0.500000,3.084879,-0.152229
0.035000,-0.500000,3.070838,-0.189842
0.040000,-0.500000,3.055872,-0.229843
0.045000,-0.500000,3.039963,-0.272230
0.050000,-0.500000,3.023081,-0.317002
0.055000,-0.500000,3.005193,-0.364157
0.060000,-0.500000,2.986255,-0.413692
0.065000,-0.500000,2.966215,-0.465603
0.070000,-0.500000,2.945009,-0.519886
0.075000,-0.500000,2.922562,-0.576532
0.080000,-0.500000,2.898788,-0.635536
0.085000,-0.500000,2.873586,-0.696887
0.090000,-0.500000,2.846840,-0.760581
0.095000,-0.500000,2.818421,-0.826611
0.100000,-0.500000,2.788182,-0.894975
0.105000,-0.500000,2.755959,-0.965670
0.110000,-0.500000,2.721574,-1.038684
0.115000,-0.500000,2.684828,-1.113993
0.120000,-0.492892,2.645511,-1.191561
0.125000,-0.416141,2.603398,-1.271353
0.130000,-0.330238,2.558267,-1.353325
0.135000,-0.235249,2.509996,-1.437123
0.140000,-0.131853,2.458494,-1.522324
0.145000,-0.021550,2.403718,-1.608416
0.150000,0.093370,2.345690,-1.694853
0.155000,0.210050,2.284506,-1.781125
0.160000,0.325173,2.220339,-1.866734
0.165000,0.435045,2.153441,-1.951134
0.170000,0.500000,2.084136,-2.033745
0.175000,0.500000,2.012817,-2.114027
0.180000,0.500000,1.939893,-2.191697
0.185000,0.500000,1.865747,-2.266798
0.190000,0.500000,1.790771,-2.339383
0.195000,0.500000,1.715344,-2.409502
0.200000,0.500000,1.639831,-2.477202
0.205000,-0.500000,1.564564,-2.542521
0.210000,-0.500000,1.489840,-2.605494
0.215000,-0.500000,1.415924,-2.670666
0.220000,-0.500000,1.343191,-2.738067
0.225000,-0.500000,1.272048,-2.807724
0.230000,-0.500000,1.202921,-2.879668
0.235000,-0.500000,1.136249,-2.953947
0.240000,-0.500000,1.072473,-3.030641
0.245000,-0.500000,1.012027,-3.109830
0.250000,-0.484253,0.955334,3.091656
0.255000,-0.391313,0.902791,3.007491
0.260000,-0.301098,0.854745,2.920903
0.265000,-0.216721,0.811422,2.832232
0.270000,-0.140739,0.772972,2.741943
0.275000,-0.074819,0.739468,2.650487
0.280000,-0.019640,0.710915,2.558142
0.285000,0.024569,0.687279,2.465247
0.290000,0.057987,0.668490,2.372152
0.295000,0.081161,0.654455,2.279017
0.300000,0.094659,0.645079,2.185996
0.305000,0.099009,0.640275,2.093298
0.310000,-0.094673,0.639961,2.000984
0.315000,-0.080763,0.644077,1.909031
0.320000,-0.057129,0.652854,1.816604
0.325000,-0.023735,0.666321,1.723827
0.330000,0.019382,0.684495,1.630759
0.335000,0.071909,0.707385,1.537582
0.340000,0.133098,0.734982,1.444597
0.345000,0.201959,0.767240,1.352020
0.350000,0.277077,0.804085,1.260114
0.355000,0.356327,0.845406,1.169301
0.360000,0.437269,0.891037,1.079958
0.365000,0.500000,0.940762,0.992385
0.370000,0.500000,0.994322,0.906987
0.375000,0.500000,1.051430,0.824133
0.380000,0.500000,1.111816,0.743813
0.385000,0.500000,1.175190,0.665959
0.390000,0.500000,1.241253,0.590542
0.395000,0.500000,1.309697,0.517583
0.400000,0.500000,1.380207,0.447102
0.405000,0.500000,1.452470,0.379092
0.410000,0.500000,1.526185,0.313515
0.415000,-0.500000,1.601070,0.250325
0.420000,-0.500000,1.676869,0.189475
0.425000,-0.500000,1.753310,0.126406
0.430000,-0.500000,1.830017,0.061074
0.435000,-0.500000,1.906576,-0.006567
0.440000,-0.500000,1.982534,-0.076563
0.445000,-0.500000,2.057414,-0.148952
0.450000,-0.500000,2.130729,-0.223764
0.455000,-0.395717,2.201993,-0.301014
0.460000,-0.272130,2.270740,-0.380718
0.465000,-0.148599,2.336641,-0.462437
0.470000,-0.029644,2.399489,-0.545671
0.475000,0.081058,2.459195,-0.629884
0.480000,0.180819,2.515789,-0.714490
0.485000,0.268099,2.569410,-0.798914
0.490000,0.342481,2.620291,-0.882671
0.495000,0.404338,2.668727,-0.965368
0.500000,0.454471,2.715057,-1.046654
0.505000,0.493871,2.759637,-1.126214
0.510000,0.500000,2.802832,-1.203773
0.515000,0.500000,2.844999,-1.279110
0.520000,0.500000,2.886440,-1.352166
0.525000,0.500000,2.927428,-1.422921
0.530000,0.500000,2.968218,-1.491357
0.535000,0.500000,3.009044,-1.557459
0.540000,0.500000,3.050119,-1.621215
0.545000,0.500000,3.091630,-1.682613
0.550000,0.500000,3.133747,-1.741642
0.555000,0.500000,-3.106572,-1.798291
0.560000,0.494905,-3.062835,-1.852552
0.565000,0.469065,-3.018130,-1.904414
0.570000,0.441447,-2.972390,-1.953894
0.575000,0.412532,-2.925608,-2.001106
0.580000,0.382774,-2.877800,-2.046177
0.585000,0.352596,-2.829004,-2.089238
0.590000,0.322377,-2.779270,-2.130431
0.595000,0.292450,-2.728668,-2.169897
0.600000,0.263095,-2.677272,-2.207783
0.605000,0.234538,-2.625170,-2.244231
0.610000,0.206956,-2.572451,-2.279385
0.615000,0.180478,-2.519208,-2.313383
0.620000,0.155193,-2.465537,-2.346360
0.625000,0.131151,-2.411532,-2.378443
0.630000,0.108375,-2.357286,-2.409758
0.635000,0.086865,-2.302888,-2.440421
0.640000,0.066603,-2.248425,-2.470543
0.645000,0.047561,-2.193979,-2.500230
0.650000,0.029705,-2.139629,-2.529581
0.655000,0.012999,-2.085448,-2.558689
0.660000,-0.002595,-2.031506,-2.587642
0.665000,-0.017108,-1.977868,-2.616521
0.670000,-0.030567,-1.924594,-2.645404
0.675000,-0.042994,-1.871741,-2.674361
0.680000,-0.054404,-1.819364,-2.703459
0.685000,-0.064804,-1.767512,-2.732757
0.690000,-0.074198,-1.716232,-2.762312
0.695000,-0.082582,-1.665571,-2.792175
0.700000,-0.089950,-1.615570,-2.822391
0.705000,0.096293,-1.566272,-2.853001
0.710000,0.101569,-1.517716,-2.884042
0.715000,0.105476,-1.469942,-2.914674
0.720000,0.108123,-1.423002,-2.944878
0.725000,0.109635,-1.376943,-2.974640
0.730000,0.110142,-1.331806,-3.003953
0.735000,0.109780,-1.287626,-3.032814
0.740000,0.108681,-1.244432,-3.061224
0.745000,0.106971,-1.202247,-3.089190
0.750000,0.104767,-1.161087,-3.116718
0.755000,0.102176,-1.120964,3.139368
0.760000,0.099293,-1.081886,3.112686
0.765000,0.096204,-1.043852,3.086412
0.770000,0.092980,-1.006861,3.060535
0.775000,0.089685,-0.970906,3.035045
0.780000,0.086369,-0.935976,3.009932
0.785000,0.083076,-0.902058,2.985185
0.790000,0.079839,-0.869136,2.960794
0.795000,0.076686,-0.837192,2.936748
0.800000,0.073635,-0.806206,2.913034
0.805000,0.070701,-0.776156,2.889641
0.810000,0.067894,-0.747019,2.866557
0.815000,0.065219,-0.718772,2.843770
0.820000,0.062679,-0.691390,2.821269
0.825000,0.060275,-0.664847,2.799043
0.830000,0.058004,-0.639120,2.777082
0.835000,0.055864,-0.614181,2.755376
0.840000,0.053852,-0.590007,2.733916
0.845000,0.051962,-0.566571,2.712694
0.850000,0.050189,-0.543848,2.691703
0.855000,0.048528,-0.521814,2.670937
0.860000,0.046974,-0.500443,2.650389
0.865000,0.045519,-0.479712,2.630053
0.870000,0.044159,-0.459595,2.609925
0.875000,0.042887,-0.440071,2.589998
0.880000,0.041699,-0.421116,2.570269
0.885000,0.040588,-0.402707,2.550734
0.890000,0.039549,-0.384823,2.531387
0.895000,0.038577,-0.367442,2.512225
0.900000,0.037668,-0.350543,2.493245
0.905000,0.036816,-0.334105,2.474441
0.910000,0.036018,-0.318110,2.455812
0.915000,0.035270,-0.302537,2.437354
0.920000,0.034568,-0.287367,2.419063
0.925000,0.033908,-0.272583,2.400937
0.930000,0.033286,-0.258166,2.382972
0.935000,0.032701,-0.244099,2.365166
0.940000,0.032149,-0.230365,2.347517
0.945000,0.031628,-0.216947,2.330021
0.950000,0.031134,-0.203831,2.312677
0.955000,0.263831,-0.190999,2.295482
0.960000,0.251696,-0.178437,2.278435
0.965000,0.240430,-0.166537,2.262645
0.970000,0.229933,-0.155258,2.248055
0.975000,0.220119,-0.144565,2.234613
0.980000,0.210915,-0.134423,2.222268
0.985000,0.202257,-0.124803,2.210974
0.990000,0.194092,-0.115676,2.200688
0.995000,0.186372,-0.107016,2.191369
1.000000,0.179057,-0.098800,2.182978
1.005000,0.172112,-0.091003,2.175478
1.010000,0.165506,-0.083607,2.168834
1.015000,0.159213,-0.076591,2.163013
1.020000,0.153210,-0.069936,2.157984
1.025000,0.147477,-0.063625,2.153717
1.030000,0.141995,-0.057643,2.150183
1.035000,0.136750,-0.051973,2.147355
1.040000,0.131728,-0.046601,2.145206
1.045000,0.126916,-0.041513,2.143712
1.050000,0.122303,-0.036696,2.142848
1.055000,0.117879,-0.032137,2.142591
1.060000,0.113636,-0.027825,2.142920
1.065000,0.109564,-0.023748,2.143812
1.070000,0.105657,-0.019894,2.145249
1.075000,0.101908,-0.016255,2.147209
1.080000,0.098310,-0.012819,2.149675
1.085000,0.094857,-0.009577,2.152629
1.090000,0.091544,-0.006521,2.156052
1.095000,0.088364,-0.003641,2.159929
1.100000,0.085314,-0.000929,2.164245
1.105000,0.082387,0.001622,2.168982
1.110000,0.079580,0.004021,2.174128
1.115000,0.076888,0.006274,2.179667
1.120000,0.074306,0.008389,2.185587
1.125000,0.071831,0.010372,2.191874
1.130000,0.069459,0.012230,2.198517
1.135000,0.067184,0.013968,2.205502
1.140000,0.065005,0.015593,2.212820
1.145000,0.062917,0.017109,2.220459
1.150000,0.060916,0.018524,2.228408
1.155000,0.058999,0.019840,2.236657
1.160000,0.057163,0.021064,2.245198
1.165000,0.055404,0.022200,2.254020
1.170000,0.053720,0.023253,2.263116
1.175000,0.052107,0.024225,2.272475
1.180000,0.050563,0.025123,2.282092
1.185000,0.049083,0.025949,2.291956
1.190000,0.047667,0.026707,2.302063
1.195000,0.046310,0.027401,2.312403
1.200000,0.045011,0.028034,2.322971
1.205000,0.043767,0.028608,2.333760
1.210000,0.042575,0.029128,2.344763
1.215000,0.041433,0.029596,2.355975
1.220000,0.040339,0.030015,2.367391
1.225000,0.039290,0.030387,2.379003
1.230000,0.038285,0.030714,2.390809
1.235000,0.037321,0.031000,2.402801
1.240000,0.036397,0.031246,2.414976
1.245000,0.035511,0.031455,2.427329
1.250000,0.034660,0.031628,2.439855
1.255000,0.033843,0.031767,2.452551
1.260000,0.033059,0.031875,2.465411
1.265000,0.032306,0.031953,2.478433
1.270000,0.031581,0.032002,2.491612
1.275000,0.030885,0.032024,2.504945
1.280000,0.030215,0.032021,2.518429
1.285000,0.029569,0.031993,2.532060
1.290000,0.028948,0.031943,2.545834
1.295000,0.028349,0.031872,2.559750
1.300000,0.027771,0.031780,2.573803
1.305000,0.027213,0.031669,2.587991
1.310000,0.026674,0.031540,2.602311
1.315000,0.026154,0.031394,2.616761
1.320000,0.025650,0.031232,2.631338
1.325000,0.025162,0.031054,2.646039
1.330000,0.024690,0.030862,2.660862
1.335000,0.024232,0.030657,2.675805
1.340000,0.023787,0.030438,2.690866
1.345000,0.023355,0.030208,2.706041
1.350000,0.022934,0.029966,2.721330
1.355000,0.022525,0.029713,2.736730
1.360000,0.022127,0.029450,2.752239
1.365000,0.021738,0.029177,2.767855
1.370000,0.021359,0.028895,2.783577
1.375000,0.020988,0.028605,2.799401
1.380000,0.020625,0.028306,2.815328
1.385000,0.020270,0.028000,2.831354
1.390000,0.019922,0.027686,2.847478
1.395000,0.019580,0.027366,2.863699
1.400000,0.019245,0.027039,2.880014
1.405000,0.018915,0.026706,2.896422
1.410000,0.018591,0.026368,2.912922
1.415000,0.018271,0.026023,2.929512
1.420000,0.017956,0.025674,2.946190
1.425000,0.017645,0.025320,2.962955
1.430000,0.017338,0.024961,2.979806
1.435000,0.017034,0.024598,2.996740
1.440000,0.016733,0.024231,3.013757
1.445000,0.016436,0.023860,3.030854
1.450000,0.016141,0.023485,3.048031
1.455000,0.015848,0.023107,3.065287
1.460000,0.015557,0.022725,3.082619
1.465000,0.015268,0.022340,3.100026
1.470000,0.014981,0.021952,3.117507
1.475000,0.014696,0.021562,3.135061
1.480000,0.014411,0.021168,-3.130500
1.485000,0.014128,0.020773,-3.112805
1.490000,0.013846,0.020374,-3.095042
1.495000,0.013564,0.019974,-3.077211
1.500000,0.013283,0.019571,-3.059315
1.505000,0.013002,0.019166,-3.041354
1.510000,0.012722,0.018759,-3.023331
1.515000,0.012442,0.018351,-3.005245
1.520000,0.012162,0.017940,-2.987099
1.525000,0.011882,0.017528,-2.968894
1.530000,0.011602,0.017114,-2.950631
1.535000,0.011321,0.016699,-2.932312
1.540000,0.011040,0.016282,-2.913937
1.545000,0.010759,0.015864,-2.895509
1.550000,0.010477,0.015444,-2.877028
1.555000,0.010195,0.015023,-2.858497
1.560000,0.009912,0.014601,-2.839915
1.565000,0.009628,0.014178,-2.821285
1.570000,0.009344,0.013753,-2.802608
1.575000,0.009059,0.013328,-2.783885
1.580000,0.008773,0.012901,-2.765118
1.585000,0.008486,0.012474,-2.746308
1.590000,0.008198,0.012046,-2.727456
1.595000,0.007910,0.011616,-2.708563
1.600000,0.007620,0.011186,-2.689632
1.605000,0.007330,0.010755,-2.670663
1.610000,0.007038,0.010323,-2.651658
1.615000,0.006746,0.009891,-2.632618
1.620000,0.006452,0.009458,-2.613545
1.625000,0.006158,0.009024,-2.594440
1.630000,0.005862,0.008590,-2.575304
1.635000,0.005566,0.008155,-2.556139
1.640000,0.005268,0.007719,-2.536946
1.645000,0.004970,0.007283,-2.517726
1.650000,0.004670,0.006847,-2.498481
1.655000,0.004370,0.006410,-2.479213
1.660000,0.004069,0.005973,-2.459923
1.665000,0.003766,0.005535,-2.440612
1.670000,0.003463,0.005097,-2.421281
1.675000,0.003160,0.004659,-2.401933
1.680000,0.002855,0.004220,-2.382568
1.685000,0.002549,0.003782,-2.363189
1.690000,0.002243,0.003343,-2.343795
1.695000,0.001936,0.002903,-2.324390
1.700000,0.001629,0.002464,-2.304974
1.705000,0.001321,0.002025,-2.285548
1.710000,0.001012,0.001586,-2.266115
1.715000,0.000703,0.001146,-2.246676
1.720000,0.000393,0.000707,-2.227232
1.725000,0.000083,0.000268,-2.207785
1.730000,-0.000227,-0.000171,-2.188335
1.735000,-0.000538,-0.000610,-2.168886
1.740000,-0.000849,-0.001049,-2.149437
1.745000,-0.001160,-0.001487,-2.129991
1.750000,-0.001471,-0.001925,-2.110549
1.755000,-0.001782,-0.002363,-2.091112
1.760000,-0.002093,-0.002801,-2.071683
1.765000,-0.002404,-0.003238,-2.052262
1.770000,-0.002715,-0.003674,-2.032851
1.775000,-0.003026,-0.004110,-2.013451
1.780000,-0.003336,-0.004546,-1.994064
1.785000,-0.003646,-0.004980,-1.974692
1.790000,-0.003956,-0.005415,-1.955335
1.795000,-0.004264,-0.005848,-1.935996
1.800000,-0.004573,-0.006281,-1.916676
1.805000,-0.004880,-0.006713,-1.897376
1.810000,-0.005187,-0.007143,-1.878097
1.815000,-0.005493,-0.007574,-1.858842
1.820000,-0.005798,-0.008003,-1.839611
1.825000,-0.006102,-0.008431,-1.820407
1.830000,-0.006405,-0.008858,-1.801230
1.835000,-0.006706,-0.009283,-1.782082
1.840000,-0.007007,-0.009708,-1.762965
1.845000,-0.007306,-0.010131,-1.743879
1.850000,-0.007603,-0.010553,-1.724827
1.855000,-0.007899,-0.010974,-1.705809
1.860000,-0.008193,-0.011393,-1.686828
1.865000,-0.008486,-0.011811,-1.667884
1.870000,-0.008777,-0.012227,-1.648979
1.875000,-0.009066,-0.012642,-1.630114
1.880000,-0.009353,-0.013055,-1.611291
1.885000,-0.009638,-0.013466,-1.592512
1.890000,-0.009921,-0.013875,-1.573776
1.895000,-0.010202,-0.014283,-1.555087
1.900000,-0.010480,-0.014688,-1.536444
1.905000,-0.010756,-0.015092,-1.517850
1.910000,-0.011030,-0.015493,-1.499306
1.915000,-0.011301,-0.015893,-1.480813
1.920000,-0.011570,-0.016290,-1.462372
1.925000,-0.011835,-0.016685,-1.443986
1.930000,-0.012098,-0.017077,-1.425654
1.935000,-0.012359,-0.017468,-1.407378
1.940000,-0.012616,-0.017855,-1.389160
1.945000,-0.012870,-0.018241,-1.371000
1.950000,-0.013122,-0.018624,-1.352901
1.955000,-0.013370,-0.019004,-1.334863
1.960000,-0.013615,-0.019381,-1.316887
1.965000,-0.013857,-0.019756,-1.298974
1.970000,-0.014095,-0.020128,-1.281127
1.975000,-0.014330,-0.020497,-1.263345
1.980000,-0.014562,-0.020863,-1.245630
1.985000,-0.014790,-0.021226,-1.227983
1.990000,-0.015014,-0.021586,-1.210406
1.995000,-0.015235,-0.021943,-1.192898
2.000000,-0.015453,-0.022297,-1.175462
2.005000,-0.015666,-0.022647,-1.158099
2.010000,-0.015876,-0.022994,-1.140809
2.015000,-0.016082,-0.023338,-1.123593
2.020000,-0.016284,-0.023679,-1.106453
2.025000,-0.016482,-0.024016,-1.089389
2.030000,-0.016677,-0.024349,-1.072403
2.035000,-0.016867,-0.024679,-1.055495
2.040000,-0.017053,-0.025005,-1.038666
2.045000,-0.017235,-0.025328,-1.021918
2.050000,-0.017414,-0.025647,-1.005250
2.055000,-0.017588,-0.025962,-0.988664
2.060000,-0.017758,-0.026273,-0.972161
2.065000,-0.017923,-0.026581,-0.955742
2.070000,-0.018085,-0.026884,-0.939407
2.075000,-0.018243,-0.027184,-0.923158
2.080000,-0.018396,-0.027479,-0.906994
2.085000,-0.018545,-0.027771,-0.890917
2.090000,-0.018690,-0.028058,-0.874927
2.095000,-0.018830,-0.028341,-0.859025
2.100000,-0.018967,-0.028620,-0.843213
2.105000,-0.019099,-0.028895,-0.827490
2.110000,-0.019227,-0.029166,-0.811856
2.115000,-0.019350,-0.029432,-0.796314
2.120000,-0.019470,-0.029694,-0.780863
2.125000,-0.019585,-0.029952,-0.765504
2.130000,-0.019696,-0.030205,-0.750238
2.135000,-0.019803,-0.030454,-0.735064
2.140000,-0.019905,-0.030699,-0.719985
2.145000,-0.020004,-0.030939,-0.704999
2.150000,-0.020098,-0.031174,-0.690108
2.155000,-0.020188,-0.031406,-0.675312
2.160000,-0.020274,-0.031632,-0.660611
2.165000,-0.020356,-0.031854,-0.646007
2.170000,-0.020434,-0.032072,-0.631499
2.175000,-0.020508,-0.032285,-0.617087
2.180000,-0.020578,-0.032493,-0.602773
2.185000,-0.020644,-0.032697,-0.588556
2.190000,-0.020706,-0.032897,-0.574437
2.195000,-0.020764,-0.033091,-0.560416
2.200000,-0.020818,-0.033281,-0.546493
2.205000,-0.020869,-0.033467,-0.532669
2.210000,-0.020915,-0.033648,-0.518944
2.215000,-0.020958,-0.033824,-0.505318
2.220000,-0.020998,-0.033996,-0.491792
2.225000,-0.021033,-0.034163,-0.478365
2.230000,-0.021065,-0.034325,-0.465038
2.235000,-0.021094,-0.034483,-0.451810
2.240000,-0.021119,-0.034637,-0.438683
2.245000,-0.021140,-0.034785,-0.425657
2.250000,-0.021159,-0.034930,-0.412730
2.255000,-0.021174,-0.035069,-0.399904
2.260000,-0.021185,-0.035204,-0.387179
2.265000,-0.021193,-0.035335,-0.374554
2.270000,-0.021199,-0.035461,-0.362029
2.275000,-0.021201,-0.035583,-0.349606
2.280000,-0.021200,-0.035700,-0.337283
2.285000,-0.021196,-0.035813,-0.325061
2.290000,-0.021189,-0.035921,-0.312940
2.295000,-0.021179,-0.036025,-0.300919
2.300000,-0.021166,-0.036124,-0.288999
2.305000,-0.021151,-0.036219,-0.277180
2.310000,-0.021133,-0.036310,-0.265461
2.315000,-0.021112,-0.036397,-0.253843
2.320000,-0.021089,-0.036479,-0.242325
2.325000,-0.021063,-0.036557,-0.230908
2.330000,-0.021035,-0.036631,-0.219590
2.335000,-0.021004,-0.036701,-0.208373
2.340000,-0.020971,-0.036767,-0.197256
2.345000,-0.020936,-0.036828,-0.186238
2.350000,-0.020898,-0.036886,-0.175321
2.355000,-0.020858,-0.036939,-0.164502
2.360000,-0.020816,-0.036989,-0.153783
2.365000,-0.020772,-0.037034,-0.143163
2.370000,-0.020727,-0.037076,-0.132642
2.375000,-0.020679,-0.037114,-0.122219
2.380000,-0.020629,-0.037148,-0.111895
2.385000,-0.020578,-0.037178,-0.101670
2.390000,-0.020524,-0.037205,-0.091542
2.395000,-0.020470,-0.037227,-0.081512
2.400000,-0.020413,-0.037247,-0.071580
2.405000,-0.020355,-0.037262,-0.061744
2.410000,-0.020295,-0.037274,-0.052006
2.415000,-0.020234,-0.037283,-0.042365
2.420000,-0.020171,-0.037288,-0.032820
2.425000,-0.020107,-0.037290,-0.023371
2.430000,-0.020042,-0.037288,-0.014017
2.435000,-0.019976,-0.037283,-0.004760
2.440000,-0.019908,-0.037275,0.004403
2.445000,-0.019839,-0.037263,0.013470
2.450000,-0.019769,-0.037249,0.022443
2.455000,-0.019698,-0.037231,0.031322
2.460000,-0.019626,-0.037210,0.040107
2.465000,-0.019553,-0.037187,0.048798
2.470000,-0.019479,-0.037160,0.057396
2.475000,-0.019404,-0.037130,0.065901
2.480000,-0.019328,-0.037098,0.074314
2.485000,-0.019251,-0.037062,0.082635
2.490000,-0.019174,-0.037024,0.090863
2.495000,-0.019096,-0.036983,0.099000
2.500000,-0.019018,-0.036940,0.107047
2.505000,-0.018938,-0.036893,0.115002
2.510000,-0.018858,-0.036845,0.122867
2.515000,-0.018778,-0.036793,0.130642
2.520000,-0.018697,-0.036740,0.138328
2.525000,-0.018616,-0.036683,0.145924
2.530000,-0.018534,-0.036625,0.153432
2.535000,-0.018451,-0.036564,0.160851
2.540000,-0.018369,-0.036501,0.168182
2.545000,-0.018286,-0.036435,0.175426
2.550000,-0.018202,-0.036368,0.182582
2.555000,-0.018119,-0.036298,0.189651
2.560000,-0.018035,-0.036226,0.196634
2.565000,-0.017951,-0.036152,0.203531
2.570000,-0.017866,-0.036076,0.210343
2.575000,-0.017782,-0.035999,0.217069
2.580000,-0.017697,-0.035919,0.223710
2.585000,-0.017612,-0.035837,0.230267
2.590000,-0.017528,-0.035754,0.236739
2.595000,-0.017443,-0.035668,0.243128
2.600000,-0.017358,-0.035581,0.249434
2.605000,-0.017273,-0.035493,0.255657
2.610000,-0.017188,-0.035402,0.261797
2.615000,-0.017103,-0.035311,0.267856
2.620000,-0.017018,-0.035217,0.273833
2.625000,-0.016933,-0.035122,0.279728
2.630000,-0.016848,-0.035025,0.285543
2.635000,-0.016763,-0.034928,0.291278
2.640000,-0.016679,-0.034828,0.296932
2.645000,-0.016594,-0.034727,0.302507
2.650000,-0.016510,-0.034625,0.308002
2.655000,-0.016425,-0.034522,0.313419
2.660000,-0.016341,-0.034417,0.318758
2.665000,-0.016257,-0.034312,0.324018
2.670000,-0.016174,-0.034205,0.329201
2.675000,-0.016090,-0.034096,0.334306
2.680000,-0.016007,-0.033987,0.339335
2.685000,-0.015924,-0.033877,0.344288
2.690000,-0.015841,-0.033765,0.349164
2.695000,-0.015758,-0.033653,0.353965
2.700000,-0.015676,-0.033540,0.358690
2.705000,-0.015594,-0.033425,0.363341
2.710000,-0.015512,-0.033310,0.367917
2.715000,-0.015431,-0.033194,0.372420
2.720000,-0.015350,-0.033077,0.376848
2.725000,-0.015269,-0.032959,0.381204
2.730000,-0.015188,-0.032840,0.385486
2.735000,-0.015108,-0.032721,0.389696
2.740000,-0.015028,-0.032601,0.393834
2.745000,-0.014948,-0.032480,0.397900
2.750000,-0.014869,-0.032359,0.401895
2.755000,-0.014790,-0.032237,0.405818
2.760000,-0.014711,-0.032114,0.409671
2.765000,-0.014633,-0.031990,0.413454
2.770000,-0.014555,-0.031866,0.417167
2.775000,-0.014477,-0.031742,0.420811
2.780000,-0.014400,-0.031617,0.424386
2.785000,-0.014323,-0.031491,0.427891
2.790000,-0.014246,-0.031365,0.431329
2.795000,-0.014170,-0.031239,0.434698
2.800000,-0.014094,-0.031112,0.438000
2.805000,-0.014019,-0.030984,0.441234
2.810000,-0.013943,-0.030856,0.444402
2.815000,-0.013869,-0.030728,0.447503
2.820000,-0.013794,-0.030600,0.450538
2.825000,-0.013720,-0.030471,0.453506
2.830000,-0.013646,-0.030341,0.456410
2.835000,-0.013573,-0.030212,0.459248
2.840000,-0.013500,-0.030082,0.462022
2.845000,-0.013427,-0.029952,0.464731
2.850000,-0.013355,-0.029822,0.467376
2.855000,-0.013283,-0.029691,0.469957
2.860000,-0.013211,-0.029560,0.472475
2.865000,-0.013140,-0.029429,0.474930
2.870000,-0.013069,-0.029298,0.477322
2.875000,-0.012998,-0.029166,0.479651
2.880000,-0.012928,-0.029035,0.481919
2.885000,-0.012858,-0.028903,0.484125
2.890000,-0.012788,-0.028771,0.486269
2.895000,-0.012719,-0.028639,0.488353
2.900000,-0.012650,-0.028507,0.490376
2.905000,-0.012582,-0.028375,0.492338
2.910000,-0.012513,-0.028242,0.494240
2.915000,-0.012445,-0.028110,0.496083
2.920000,-0.012378,-0.027977,0.497866
2.925000,-0.012311,-0.027845,0.499590
2.930000,-0.012244,-0.027712,0.501256
2.935000,-0.012177,-0.027580,0.502863
2.940000,-0.012111,-0.027447,0.504411
2.945000,-0.012045,-0.027314,0.505902
2.950000,-0.011979,-0.027182,0.507336
2.955000,-0.011913,-0.027049,0.508712
2.960000,-0.011848,-0.026916,0.510032
2.965000,-0.011784,-0.026784,0.511294
2.970000,-0.011719,-0.026651,0.512501
2.975000,-0.011655,-0.026518,0.513652
2.980000,-0.011591,-0.026386,0.514747
2.985000,-0.011527,-0.026253,0.515786
2.990000,-0.011464,-0.026121,0.516771
2.995000,-0.011401,-0.025988,0.517701
3.000000,-0.011338,-0.025856,0.518577
3.005000,-0.011275,-0.025724,0.519398
3.010000,-0.011213,-0.025592,0.520166
3.015000,-0.011151,-0.025459,0.520880
3.020000,-0.011089,-0.025327,0.521541
3.025000,-0.011027,-0.025195,0.522148
3.030000,-0.010966,-0.025064,0.522704
3.035000,-0.010905,-0.024932,0.523207
3.040000,-0.010844,-0.024800,0.523657
3.045000,-0.010784,-0.024669,0.524056
3.050000,-0.010723,-0.024537,0.524404
3.055000,-0.030875,-0.024406,0.524700
3.060000,-0.030182,-0.024275,0.524946
3.065000,-0.029457,-0.024108,0.525044
3.070000,-0.028704,-0.023906,0.524998
3.075000,-0.005147,-0.023670,0.524812
3.080000,-0.005287,-0.023403,0.524489
3.085000,-0.005420,-0.023144,0.524142
3.090000,-0.005544,-0.022895,0.523770
3.095000,-0.005662,-0.022654,0.523372
3.100000,-0.005773,-0.022421,0.522948
3.105000,-0.005878,-0.022196,0.522497
3.110000,-0.005976,-0.021978,0.522019
3.115000,-0.006068,-0.021767,0.521513
3.120000,-0.006155,-0.021562,0.520979
3.125000,-0.006236,-0.021364,0.520416
3.130000,-0.006312,-0.021172,0.519825
3.135000,-0.006383,-0.020985,0.519203
3.140000,-0.006449,-0.020803,0.518552
3.145000,-0.006511,-0.020627,0.517871
3.150000,-0.006568,-0.020456,0.517159
3.155000,-0.006621,-0.020289,0.516416
3.160000,-0.006670,-0.020126,0.515642
3.165000,-0.006715,-0.019968,0.514837
3.170000,-0.006757,-0.019813,0.514000
3.175000,-0.006795,-0.019662,0.513131
3.180000,-0.006830,-0.019515,0.512231
3.185000,-0.006861,-0.019371,0.511298
3.190000,-0.006889,-0.019230,0.510332
3.195000,-0.006915,-0.019092,0.509335
3.200000,-0.006937,-0.018957,0.508304
3.205000,-0.006957,-0.018824,0.507241
3.210000,-0.006974,-0.018694,0.506145
3.215000,-0.006989,-0.018567,0.505016
3.220000,-0.007001,-0.018441,0.503854
3.225000,-0.007011,-0.018318,0.502659
3.230000,-0.007019,-0.018197,0.501430
3.235000,-0.007024,-0.018077,0.500169
3.240000,-0.007028,-0.017960,0.498874
3.245000,-0.007029,-0.017844,0.497545
3.250000,-0.007029,-0.017729,0.496184
3.255000,-0.007027,-0.017616,0.494789
3.260000,-0.007024,-0.017505,0.493360
3.265000,-0.007018,-0.017395,0.491899
3.270000,-0.007011,-0.017286,0.490404
3.275000,-0.007003,-0.017178,0.488875
3.280000,-0.006993,-0.017071,0.487314
3.285000,-0.006982,-0.016966,0.485719
3.290000,-0.006970,-0.016861,0.484091
3.295000,-0.006956,-0.016757,0.482430
3.300000,-0.006941,-0.016654,0.480736
3.305000,-0.006924,-0.016552,0.479009
3.310000,-0.006907,-0.016451,0.477249
3.315000,-0.006889,-0.016350,0.475456
3.320000,-0.006869,-0.016250,0.473630
3.325000,-0.006849,-0.016150,0.471771
3.330000,-0.006827,-0.016051,0.469880
3.335000,-0.006805,-0.015953,0.467957
3.340000,-0.006782,-0.015855,0.466001
3.345000,-0.006758,-0.015757,0.464012
3.350000,-0.006733,-0.015660,0.461992
3.355000,-0.006707,-0.015563,0.459939
3.360000,-0.006681,-0.015467,0.457855
3.365000,-0.006654,-0.015371,0.455739
3.370000,-0.006626,-0.015275,0.453591
3.375000,-0.006597,-0.015179,0.451411
3.380000,-0.006568,-0.015084,0.449200
3.385000,-0.006538,-0.014988,0.446957
3.390000,-0.006508,-0.014893,0.444684
3.395000,-0.006477,-0.014799,0.442379
3.400000,-0.006446,-0.014704,0.440044
3.405000,-0.006414,-0.014609,0.437677
3.410000,-0.006381,-0.014515,0.435281
3.415000,-0.006348,-0.014421,0.432853
3.420000,-0.006315,-0.014326,0.430396
3.425000,-0.006281,-0.014232,0.427908
3.430000,-0.006246,-0.014138,0.425390
3.435000,-0.006212,-0.014044,0.422843
3.440000,-0.006176,-0.013950,0.420266
3.445000,-0.006141,-0.013856,0.417659
3.450000,-0.006105,-0.013762,0.415023
3.455000,-0.006069,-0.013668,0.412358
3.460000,-0.006032,-0.013574,0.409664
3.465000,-0.005995,-0.013480,0.406941
3.470000,-0.005958,-0.013386,0.404189
3.475000,-0.005920,-0.013292,0.401409
3.480000,-0.005882,-0.013198,0.398601
3.485000,-0.005844,-0.013104,0.395764
3.490000,-0.005806,-0.013010,0.392900
3.495000,-0.005767,-0.012916,0.390008
3.500000,-0.005728,-0.012822,0.387088
3.505000,-0.005689,-0.012727,0.384141
3.510000,-0.005649,-0.012633,0.381167
3.515000,-0.005610,-0.012539,0.378165
3.520000,-0.005570,-0.012445,0.375137
3.525000,-0.005530,-0.012350,0.372082
3.530000,-0.005489,-0.012256,0.369001
3.535000,-0.005449,-0.012161,0.365894
3.540000,-0.005408,-0.012066,0.362760
3.545000,-0.005367,-0.011972,0.359601
3.550000,-0.005326,-0.011877,0.356416
3.555000,-0.005285,-0.011782,0.353205
3.560000,-0.005244,-0.011687,0.349969
3.565000,-0.005202,-0.011592,0.346708
3.570000,-0.005161,-0.011497,0.343423
3.575000,-0.005119,-0.011402,0.340112
3.580000,-0.005077,-0.011307,0.336777
3.585000,-0.005035,-0.011212,0.333418
3.590000,-0.004992,-0.011117,0.330034
3.595000,-0.004950,-0.011022,0.326627
3.600000,-0.004907,-0.010926,0.323196
3.605000,-0.004865,-0.010831,0.319741
3.610000,-0.004822,-0.010735,0.316264
3.615000,-0.004779,-0.010640,0.312763
3.620000,-0.004736,-0.010544,0.309239
3.625000,-0.004693,-0.010449,0.305692
3.630000,-0.004650,-0.010353,0.302123
3.635000,-0.004607,-0.010257,0.298532
3.640000,-0.004564,-0.010162,0.294919
3.645000,-0.004520,-0.010066,0.291283
3.650000,-0.004477,-0.009970,0.287626
3.655000,-0.004434,-0.009874,0.283948
3.660000,-0.004390,-0.009778,0.280248
3.665000,-0.004346,-0.009682,0.276528
3.670000,-0.004303,-0.009586,0.272786
3.675000,-0.004259,-0.009491,0.269024
3.680000,-0.004215,-0.009395,0.265241
3.685000,-0.004171,-0.009299,0.261439
3.690000,-0.004127,-0.009203,0.257616
3.695000,-0.004083,-0.009107,0.253773
3.700000,-0.004039,-0.009010,0.249911
3.705000,-0.003995,-0.008914,0.246029
3.710000,-0.003951,-0.008818,0.242129
3.715000,-0.003907,-0.008722,0.238209
3.720000,-0.003863,-0.008626,0.234270
3.725000,-0.003818,-0.008530,0.230313
3.730000,-0.003774,-0.008434,0.226338
3.735000,-0.003730,-0.008338,0.222344
3.740000,-0.003686,-0.008242,0.218333
3.745000,-0.003641,-0.008146,0.214304
3.750000,-0.003597,-0.008050,0.210257
3.755000,-0.003553,-0.007955,0.206193
3.760000,-0.003508,-0.007859,0.202112
3.765000,-0.003464,-0.007763,0.198014
3.770000,-0.003420,-0.007667,0.193900
3.775000,-0.003375,-0.007571,0.189769
3.780000,-0.003331,-0.007476,0.185621
3.785000,-0.003286,-0.007380,0.181458
3.790000,-0.003242,-0.007284,0.177279
3.795000,-0.003198,-0.007189,0.173084
3.800000,-0.003153,-0.007093,0.168874
3.805000,-0.003109,-0.006998,0.164649
3.810000,-0.003065,-0.006902,0.160409
3.815000,-0.003020,-0.006807,0.156154
3.820000,-0.002976,-0.006712,0.151884
3.825000,-0.002932,-0.006617,0.147601
3.830000,-0.002887,-0.006522,0.143303
3.835000,-0.002843,-0.006427,0.138991
3.840000,-0.002799,-0.006332,0.134665
3.845000,-0.002755,-0.006237,0.130326
3.850000,-0.002710,-0.006142,0.125974
3.855000,-0.002666,-0.006048,0.121608
3.860000,-0.002622,-0.005953,0.117230
3.865000,-0.002578,-0.005859,0.112839
3.870000,-0.002534,-0.005764,0.108435
3.875000,-0.002490,-0.005670,0.104020
3.880000,-0.002446,-0.005576,0.099592
3.885000,-0.002402,-0.005482,0.095152
3.890000,-0.002358,-0.005388,0.090701
3.895000,-0.002314,-0.005294,0.086239
3.900000,-0.002270,-0.005201,0.081765
3.905000,-0.002227,-0.005107,0.077280
3.910000,-0.002183,-0.005014,0.072785
3.915000,-0.002139,-0.004921,0.068279
3.920000,-0.002096,-0.004828,0.063762
3.925000,-0.002052,-0.004735,0.059236
3.930000,-0.002009,-0.004642,0.054699
3.935000,-0.001965,-0.004549,0.050153
3.940000,-0.001922,-0.004457,0.045597
3.945000,-0.001879,-0.004365,0.041032
3.950000,-0.001835,-0.004273,0.036458
3.955000,-0.001792,-0.004181,0.031875
3.960000,-0.001749,-0.004089,0.027283
3.965000,-0.001706,-0.003997,0.022683
3.970000,-0.001663,-0.003906,0.018074
3.975000,-0.001620,-0.003814,0.013457
3.980000,-0.001577,-0.003723,0.008832
3.985000,-0.001535,-0.003632,0.004200
3.990000,-0.001492,-0.003542,-0.000440
3.995000,-0.001449,-0.003451,-0.005087
4.000000,-0.001407,-0.003361,-0.009741
4.005000,-0.001365,-0.003270,-0.014402
4.010000,-0.001322,-0.003180,-0.019070
4.015000,-0.001280,-0.003091,-0.023744
4.020000,-0.001238,-0.003001,-0.028425
4.025000,-0.001196,-0.002912,-0.033111
4.030000,-0.001154,-0.002823,-0.037804
4.035000,-0.001112,-0.002734,-0.042502
4.040000,-0.001071,-0.002645,-0.047205
4.045000,-0.001029,-0.002556,-0.051914
4.050000,-0.000987,-0.002468,-0.056628
4.055000,-0.000946,-0.002380,-0.061347
4.060000,-0.000905,-0.002292,-0.066071
4.065000,-0.000863,-0.002205,-0.070799
4.070000,-0.000822,-0.002117,-0.075531
4.075000,-0.000781,-0.002030,-0.080267
4.080000,-0.000741,-0.001943,-0.085008
4.085000,-0.000700,-0.001857,-0.089752
4.090000,-0.000659,-0.001770,-0.094499
4.095000,-0.000619,-0.001684,-0.099250
4.100000,-0.000578,-0.001598,-0.104004
4.105000,-0.000538,-0.001513,-0.108761
4.110000,-0.000498,-0.001427,-0.113520
4.115000,-0.000458,-0.001342,-0.118283
4.120000,-0.000418,-0.001257,-0.123047
4.125000,-0.000378,-0.001173,-0.127814
4.130000,-0.000338,-0.001089,-0.132582
4.135000,-0.000299,-0.001005,-0.137353
4.140000,-0.000260,-0.000921,-0.142125
4.145000,-0.000220,-0.000837,-0.146898
4.150000,-0.000181,-0.000754,-0.151673
4.155000,-0.000142,-0.000671,-0.156449
4.160000,-0.000103,-0.000589,-0.161226
4.165000,-0.000065,-0.000506,-0.166003
4.170000,-0.000026,-0.000424,-0.170781
4.175000,0.000012,-0.000342,-0.175559
4.180000,0.000050,-0.000261,-0.180337
4.185000,0.000089,-0.000180,-0.185115
4.190000,0.000127,-0.000099,-0.189893
4.195000,0.000164,-0.000018,-0.194670
4.200000,0.000202,0.000062,-0.199447
4.205000,0.000240,0.000142,-0.204223
4.210000,0.000277,0.000222,-0.208998
4.215000,0.000314,0.000301,-0.213772
4.220000,0.000351,0.000380,-0.218545
4.225000,0.000388,0.000459,-0.223316
4.230000,0.000425,0.000537,-0.228085
4.235000,0.000461,0.000615,-0.232853
4.240000,0.000498,0.000693,-0.237619
4.245000,0.000534,0.000770,-0.242382
4.250000,0.000570,0.000847,-0.247143
4.255000,0.000606,0.000924,-0.251901
4.260000,0.000642,0.001000,-0.256657
4.265000,0.000677,0.001076,-0.261410
4.270000,0.000713,0.001152,-0.266160
4.275000,0.000748,0.001228,-0.270907
4.280000,0.000783,0.001303,-0.275650
4.285000,0.000818,0.001377,-0.280389
4.290000,0.000853,0.001452,-0.285125
4.295000,0.000887,0.001526,-0.289857
4.300000,0.000922,0.001599,-0.294585
4.305000,0.000956,0.001673,-0.299309
4.310000,0.000990,0.001746,-0.304028
4.315000,0.001024,0.001818,-0.308743
4.320000,0.001058,0.001891,-0.313453
4.325000,0.001091,0.001963,-0.318159
4.330000,0.001124,0.002034,-0.322859
4.335000,0.001157,0.002105,-0.327554
4.340000,0.001190,0.002176,-0.332244
4.345000,0.001223,0.002247,-0.336928
4.350000,0.001256,0.002317,-0.341606
4.355000,0.001288,0.002386,-0.346279
4.360000,0.001320,0.002456,-0.350946
4.365000,0.001352,0.002525,-0.355607
4.370000,0.001384,0.002593,-0.360261
4.375000,0.001416,0.002661,-0.364909
4.380000,0.001447,0.002729,-0.369550
4.385000,0.001478,0.002797,-0.374185
4.390000,0.001509,0.002864,-0.378813
4.395000,0.001540,0.002931,-0.383433
4.400000,0.001571,0.002997,-0.388047
4.405000,0.001601,0.003063,-0.392653
4.410000,0.001632,0.003128,-0.397252
4.415000,0.001662,0.003193,-0.401843
4.420000,0.001691,0.003258,-0.406426
4.425000,0.001721,0.003323,-0.411002
4.430000,0.001751,0.003387,-0.415569
4.435000,0.001780,0.003450,-0.420129
4.440000,0.001809,0.003513,-0.424680
4.445000,0.001838,0.003576,-0.429222
4.450000,0.001866,0.003638,-0.433756
4.455000,0.001895,0.003700,-0.438281
4.460000,0.001923,0.003762,-0.442798
4.465000,0.001951,0.003823,-0.447305
4.470000,0.001979,0.003884,-0.451803
4.475000,0.002007,0.003944,-0.456292
4.480000,0.002034,0.004004,-0.460771
4.485000,0.002061,0.004064,-0.465241
4.490000,0.002088,0.004123,-0.469702
4.495000,0.002115,0.004182,-0.474152
4.500000,0.002142,0.004240,-0.478593
4.505000,0.002168,0.004298,-0.483023
4.510000,0.002194,0.004356,-0.487444
4.515000,0.002220,0.004413,-0.491854
4.520000,0.002246,0.004469,-0.496253
4.525000,0.002272,0.004526,-0.500642
4.530000,0.002297,0.004582,-0.505021
4.535000,0.002322,0.004637,-0.509388
4.540000,0.002347,0.004692,-0.513745
4.545000,0.002372,0.004747,-0.518091
4.550000,0.002396,0.004801,-0.522425
4.555000,0.002421,0.004855,-0.526748
4.560000,0.002445,0.004908,-0.531060
4.565000,0.002469,0.004961,-0.535361
4.570000,0.002492,0.005014,-0.539649
4.575000,0.002516,0.005066,-0.543926
4.580000,0.002539,0.005117,-0.548192
4.585000,0.002562,0.005169,-0.552445
4.590000,0.002585,0.005220,-0.556686
4.595000,0.002607,0.005270,-0.560915
4.600000,0.002630,0.005320,-0.565132
4.605000,0.002652,0.005370,-0.569336
4.610000,0.002674,0.005419,-0.573528
4.615000,0.002696,0.005468,-0.577707
4.620000,0.002717,0.005516,-0.581874
4.625000,0.002739,0.005564,-0.586027
4.630000,0.002760,0.005611,-0.590168
4.635000,0.002781,0.005658,-0.594296
4.640000,0.002801,0.005705,-0.598411
4.645000,0.002822,0.005751,-0.602512
4.650000,0.002842,0.005797,-0.606600
4.655000,0.002862,0.005842,-0.610675
4.660000,0.002882,0.005887,-0.614736
4.665000,0.002902,0.005932,-0.618784
4.670000,0.002921,0.005976,-0.622818
4.675000,0.002940,0.006019,-0.626838
4.680000,0.002959,0.006062,-0.630844
4.685000,0.002978,0.006105,-0.634837
4.690000,0.002997,0.006148,-0.638815
4.695000,0.003015,0.006190,-0.642779
4.700000,0.003033,0.006231,-0.646729
4.705000,0.003051,0.006272,-0.650665
4.710000,0.003069,0.006313,-0.654586
4.715000,0.003086,0.006353,-0.658493
4.720000,0.003104,0.006393,-0.662385
4.725000,0.003121,0.006432,-0.666262
4.730000,0.003138,0.006471,-0.670125
4.735000,0.003154,0.006510,-0.673973
4.740000,0.003171,0.006548,-0.677806
4.745000,0.003187,0.006585,-0.681624
4.750000,0.003203,0.006623,-0.685427
4.755000,0.003219,0.006659,-0.689214
4.760000,0.003235,0.006696,-0.692987
4.765000,0.003250,0.006732,-0.696744
4.770000,0.003265,0.006767,-0.700486
4.775000,0.003280,0.006803,-0.704213
4.780000,0.003295,0.006837,-0.707924
4.785000,0.003310,0.006872,-0.711619
4.790000,0.003324,0.006905,-0.715299
4.795000,0.003338,0.006939,-0.718963
4.800000,0.003352,0.006972,-0.722611
4.805000,0.003366,0.007004,-0.726243
4.810000,0.003380,0.007037,-0.729860
4.815000,0.003393,0.007068,-0.733460
4.820000,0.003406,0.007100,-0.737045
4.825000,0.003419,0.007131,-0.740613
4.830000,0.003432,0.007161,-0.744165
4.835000,0.003445,0.007191,-0.747701
4.840000,0.003457,0.007221,-0.751220
4.845000,0.003469,0.007250,-0.754723
4.850000,0.003481,0.007279,-0.758210
4.855000,0.003493,0.007308,-0.761680
4.860000,0.003505,0.007336,-0.765134
4.865000,0.003516,0.007363,-0.768571
4.870000,0.003527,0.007390,-0.771992
4.875000,0.003538,0.007417,-0.775396
4.880000,0.003549,0.007444,-0.778783
4.885000,0.003560,0.007470,-0.782153
4.890000,0.003570,0.007495,-0.785506
4.895000,0.003581,0.007520,-0.788843
4.900000,0.003591,0.007545,-0.792162
4.905000,0.003600,0.007570,-0.795465
4.910000,0.003610,0.007593,-0.798750
4.915000,0.003620,0.007617,-0.802019
4.920000,0.003629,0.007640,-0.805270
4.925000,0.003638,0.007663,-0.808504
4.930000,0.003647,0.007685,-0.811721
4.935000,0.003655,0.007707,-0.814920
4.940000,0.003664,0.007729,-0.818102
4.945000,0.003672,0.007750,-0.821267
4.950000,0.003681,0.007771,-0.824415
4.955000,0.003688,0.007791,-0.827545
4.960000,0.003696,0.007811,-0.830657
4.965000,0.003704,0.007831,-0.833752
4.970000,0.003711,0.007850,-0.836829
4.975000,0.003719,0.007869,-0.839889
4.980000,0.003726,0.007887,-0.842931
4.985000,0.003732,0.007905,-0.845956
4.990000,0.003739,0.007923,-0.848963
4.995000,0.003746,0.007940,-0.851952
5.000000,0.003752,0.007957,-0.854923
5.005000,0.003758,0.007973,-0.857877
5.010000,0.003764,0.007989,-0.860813
5.015000,0.003770,0.008005,-0.863730
5.020000,0.003776,0.008020,-0.866630
5.025000,0.003781,0.008035,-0.869513
5.030000,0.003786,0.008050,-0.872377
5.035000,0.003791,0.008064,-0.875223
5.040000,0.003796,0.008078,-0.878051
5.045000,0.003801,0.008091,-0.880861
5.050000,0.003806,0.008104,-0.883654
5.055000,0.003810,0.008117,-0.886428
5.060000,0.003814,0.008129,-0.889184
5.065000,0.003819,0.008141,-0.891922
5.070000,0.003822,0.008153,-0.894642
5.075000,0.003826,0.008164,-0.897343
